-- phpMyAdmin SQL Dump
-- version 4.8.5
-- https://www.phpmyadmin.net/
--
-- Host: 127.0.0.1:3306
-- Generation Time: Mar 04, 2020 at 11:27 AM
-- Server version: 5.7.26
-- PHP Version: 7.2.18

SET SQL_MODE = "NO_AUTO_VALUE_ON_ZERO";
SET AUTOCOMMIT = 0;
START TRANSACTION;
SET time_zone = "+00:00";


/*!40101 SET @OLD_CHARACTER_SET_CLIENT=@@CHARACTER_SET_CLIENT */;
/*!40101 SET @OLD_CHARACTER_SET_RESULTS=@@CHARACTER_SET_RESULTS */;
/*!40101 SET @OLD_COLLATION_CONNECTION=@@COLLATION_CONNECTION */;
/*!40101 SET NAMES utf8mb4 */;

--
-- Database: `cms`
--

-- --------------------------------------------------------

--
-- Table structure for table `admin`
--

DROP TABLE IF EXISTS `admin`;
CREATE TABLE IF NOT EXISTS `admin` (
  `id` int(11) NOT NULL AUTO_INCREMENT,
  `username` varchar(250) NOT NULL,
  `password` varchar(250) NOT NULL,
  `updationDate` varchar(255) NOT NULL,
  PRIMARY KEY (`id`)
) ENGINE=InnoDB AUTO_INCREMENT=3 DEFAULT CHARSET=latin1;

--
-- Dumping data for table `admin`
--

INSERT INTO `admin` (`id`, `username`, `password`, `updationDate`) VALUES
(1, 'admin', 'f925916e2754e5e03f75dd58a5733251', '18-10-2016 04:18:16'),
(2, 'a', 'a', '4');

-- --------------------------------------------------------

--
-- Table structure for table `category`
--

DROP TABLE IF EXISTS `category`;
CREATE TABLE IF NOT EXISTS `category` (
  `id` int(11) NOT NULL AUTO_INCREMENT,
  `categoryName` varchar(255) NOT NULL,
  `categoryDescription` longtext NOT NULL,
  `creationDate` timestamp NOT NULL DEFAULT CURRENT_TIMESTAMP,
  `updationDate` varchar(255) DEFAULT NULL,
  PRIMARY KEY (`id`)
) ENGINE=InnoDB AUTO_INCREMENT=8 DEFAULT CHARSET=latin1;

--
-- Dumping data for table `category`
--

INSERT INTO `category` (`id`, `categoryName`, `categoryDescription`, `creationDate`, `updationDate`) VALUES
(3, 'Departmental', 'This is  has to do with all the problems relating to your departments', '2020-01-25 19:05:26', NULL),
(4, 'School', 'This has to do with the problems relating to the school entirely ', '2020-01-25 19:06:46', NULL),
(5, 'Lecturers ', 'This has to do with the complaints that is relating to the a lecturer. ', '2020-01-25 19:07:58', NULL),
(6, 'Head of course ', 'This is has to the with the complains that is related to the heads of the course', '2020-01-25 19:09:07', NULL),
(7, 'Others', 'This is has to do with other related problems or complaints', '2020-01-25 19:21:16', NULL);

-- --------------------------------------------------------

--
-- Table structure for table `complaintremark`
--

DROP TABLE IF EXISTS `complaintremark`;
CREATE TABLE IF NOT EXISTS `complaintremark` (
  `id` int(11) NOT NULL AUTO_INCREMENT,
  `complaintNumber` int(11) NOT NULL,
  `status` varchar(255) NOT NULL,
  `remark` mediumtext NOT NULL,
  `remarkDate` timestamp NOT NULL DEFAULT CURRENT_TIMESTAMP,
  PRIMARY KEY (`id`)
) ENGINE=InnoDB DEFAULT CHARSET=latin1;

-- --------------------------------------------------------

--
-- Table structure for table `state`
--

DROP TABLE IF EXISTS `state`;
CREATE TABLE IF NOT EXISTS `state` (
  `id` int(11) NOT NULL AUTO_INCREMENT,
  `stateName` varchar(255) NOT NULL,
  `stateDescription` tinytext NOT NULL,
  `postingDate` timestamp NOT NULL DEFAULT CURRENT_TIMESTAMP,
  `updationDate` varchar(255) DEFAULT NULL,
  PRIMARY KEY (`id`)
) ENGINE=InnoDB AUTO_INCREMENT=8 DEFAULT CHARSET=latin1;

--
-- Dumping data for table `state`
--

INSERT INTO `state` (`id`, `stateName`, `stateDescription`, `postingDate`, `updationDate`) VALUES
(7, 'Good', 'This is the good state  and just want to look', '2020-01-25 19:33:56', NULL);

-- --------------------------------------------------------

--
-- Table structure for table `subcategory`
--

DROP TABLE IF EXISTS `subcategory`;
CREATE TABLE IF NOT EXISTS `subcategory` (
  `id` int(11) NOT NULL AUTO_INCREMENT,
  `categoryid` int(11) NOT NULL,
  `subcategory` varchar(255) NOT NULL,
  `creationDate` timestamp NOT NULL DEFAULT CURRENT_TIMESTAMP,
  `updationDate` varchar(255) DEFAULT NULL,
  PRIMARY KEY (`id`)
) ENGINE=InnoDB AUTO_INCREMENT=11 DEFAULT CHARSET=latin1;

--
-- Dumping data for table `subcategory`
--

INSERT INTO `subcategory` (`id`, `categoryid`, `subcategory`, `creationDate`, `updationDate`) VALUES
(1, 3, 'Infrasture ', '2020-01-25 19:22:40', NULL),
(2, 3, 'Equiptmens', '2020-01-25 19:24:08', NULL),
(3, 3, 'Others', '2020-01-25 19:26:36', NULL),
(4, 4, 'School fees', '2020-01-25 19:26:55', NULL),
(5, 4, 'Others', '2020-01-25 19:27:30', NULL),
(6, 5, 'Lateness', '2020-01-25 19:27:46', NULL),
(7, 5, 'Inconsistence ', '2020-01-25 19:28:01', NULL),
(8, 5, 'Poor lecturing pattern', '2020-01-25 19:31:17', NULL),
(9, 6, 'Others', '2020-01-25 19:31:28', NULL),
(10, 7, 'Other complaints ', '2020-01-25 19:31:57', NULL);

-- --------------------------------------------------------

--
-- Table structure for table `tblcomplaints`
--

DROP TABLE IF EXISTS `tblcomplaints`;
CREATE TABLE IF NOT EXISTS `tblcomplaints` (
  `complaintNumber` int(11) NOT NULL AUTO_INCREMENT,
  `userId` int(11) NOT NULL,
  `category` int(11) NOT NULL,
  `subcategory` varchar(255) NOT NULL,
  `complaintType` varchar(255) NOT NULL,
  `state` varchar(255) NOT NULL,
  `noc` varchar(255) NOT NULL,
  `complaintDetails` mediumtext NOT NULL,
  `complaintFile` varchar(255) DEFAULT NULL,
  `regDate` timestamp NOT NULL DEFAULT CURRENT_TIMESTAMP,
  `status` varchar(50) DEFAULT NULL,
  `lastUpdationDate` timestamp NULL DEFAULT '0000-00-00 00:00:00' ON UPDATE CURRENT_TIMESTAMP,
  PRIMARY KEY (`complaintNumber`)
) ENGINE=InnoDB DEFAULT CHARSET=latin1;

-- --------------------------------------------------------

--
-- Table structure for table `userlog`
--

DROP TABLE IF EXISTS `userlog`;
CREATE TABLE IF NOT EXISTS `userlog` (
  `id` int(11) NOT NULL AUTO_INCREMENT,
  `uid` int(11) NOT NULL,
  `username` varchar(255) NOT NULL,
  `userip` binary(16) NOT NULL,
  `loginTime` timestamp NOT NULL DEFAULT CURRENT_TIMESTAMP,
  `logout` varchar(255) NOT NULL,
  `status` int(11) NOT NULL,
  PRIMARY KEY (`id`)
) ENGINE=InnoDB DEFAULT CHARSET=latin1;

-- --------------------------------------------------------

--
-- Table structure for table `users`
--

DROP TABLE IF EXISTS `users`;
CREATE TABLE IF NOT EXISTS `users` (
  `id` int(11) NOT NULL AUTO_INCREMENT,
  `fullName` varchar(255) DEFAULT NULL,
  `userEmail` varchar(255) DEFAULT NULL,
  `password` varchar(255) DEFAULT NULL,
  `contactNo` bigint(11) DEFAULT NULL,
  `address` tinytext,
  `State` varchar(255) DEFAULT NULL,
  `country` varchar(255) DEFAULT NULL,
  `pincode` int(6) DEFAULT NULL,
  `userImage` varchar(255) DEFAULT NULL,
  `regDate` timestamp NOT NULL DEFAULT CURRENT_TIMESTAMP,
  `updationDate` timestamp NULL DEFAULT '0000-00-00 00:00:00' ON UPDATE CURRENT_TIMESTAMP,
  `status` int(1) DEFAULT NULL,
  PRIMARY KEY (`id`)
) ENGINE=InnoDB AUTO_INCREMENT=3 DEFAULT CHARSET=latin1;

--
-- Dumping data for table `users`
--

INSERT INTO `users` (`id`, `fullName`, `userEmail`, `password`, `contactNo`, `address`, `State`, `country`, `pincode`, `userImage`, `regDate`, `updationDate`, `status`) VALUES
(2, 'Emeka Ezeh', 'you@gmail.com', '123456', 814886998, 'no 28 edinburgh  Engu u', 'eneug', 'nigher', 123456, NULL, '2020-01-15 04:16:12', '2020-01-25 19:48:38', 1);
COMMIT;

/*!40101 SET CHARACTER_SET_CLIENT=@OLD_CHARACTER_SET_CLIENT */;
/*!40101 SET CHARACTER_SET_RESULTS=@OLD_CHARACTER_SET_RESULTS */;
/*!40101 SET COLLATION_CONNECTION=@OLD_COLLATION_CONNECTION */;
